[{"model": "contenttypes.contenttype", "pk": 1, "fields": {"app_label": "admin", "model": "logentry"}}, {"model": "contenttypes.contenttype", "pk": 2, "fields": {"app_label": "auth", "model": "permission"}}, {"model": "contenttypes.contenttype", "pk": 3, "fields": {"app_label": "auth", "model": "group"}}, {"model": "contenttypes.contenttype", "pk": 4, "fields": {"app_label": "contenttypes", "model": "contenttype"}}, {"model": "contenttypes.contenttype", "pk": 5, "fields": {"app_label": "sessions", "model": "session"}}, {"model": "contenttypes.contenttype", "pk": 6, "fields": {"app_label": "accounts", "model": "user"}}, {"model": "contenttypes.contenttype", "pk": 7, "fields": {"app_label": "accounts", "model": "entreprise"}}, {"model": "contenttypes.contenttype", "pk": 8, "fields": {"app_label": "accounts", "model": "faculte"}}, {"model": "contenttypes.contenttype", "pk": 9, "fields": {"app_label": "accounts", "model": "frequenter"}}, {"model": "contenttypes.contenttype", "pk": 10, "fields": {"app_label": "accounts", "model": "habiter"}}, {"model": "contenttypes.contenttype", "pk": 11, "fields": {"app_label": "accounts", "model": "travailler"}}, {"model": "contenttypes.contenttype", "pk": 12, "fields": {"app_label": "accounts", "model": "ville_residence"}}, {"model": "contenttypes.contenttype", "pk": 13, "fields": {"app_label": "main", "model": "actualite"}}, {"model": "contenttypes.contenttype", "pk": 14, "fields": {"app_label": "main", "model": "evenement"}}, {"model": "contenttypes.contenttype", "pk": 15, "fields": {"app_label": "accounts", "model": "etudiant"}}, {"model": "contenttypes.contenttype", "pk": 16, "fields": {"app_label": "forum", "model": "groupe"}}, {"model": "contenttypes.contenttype", "pk": 17, "fields": {"app_label": "main", "model": "comment"}}, {"model": "sessions.session", "pk": "18zlgi1eh7c6whw4zz3krll5q89zmiq8", "fields": {"session_data": "YWEyMTY3NGMzMjJlYTRlYjk3MTQ5NmQ1ZjM3ZTJjNzM0ZjNiZTlhMzp7Il9hdXRoX3VzZXJfaWQiOiIxMCIsIl9hdXRoX3VzZXJfYmFja2VuZCI6ImRqYW5nby5jb250cmliLmF1dGguYmFja2VuZHMuTW9kZWxCYWNrZW5kIiwiX2F1dGhfdXNlcl9oYXNoIjoiM2ZlZTBhNzAwMDVhM2NmNTdmOWFkZGE4NzRhYWZiNGRmODY5NjFlMSJ9", "expire_date": "2018-07-25T13:06:19.921Z"}}, {"model": "sessions.session", "pk": "36jygum7da2nkrvbur2q6nj2gt1q7q0d", "fields": {"session_data": "YWEyMTY3NGMzMjJlYTRlYjk3MTQ5NmQ1ZjM3ZTJjNzM0ZjNiZTlhMzp7Il9hdXRoX3VzZXJfaWQiOiIxMCIsIl9hdXRoX3VzZXJfYmFja2VuZCI6ImRqYW5nby5jb250cmliLmF1dGguYmFja2VuZHMuTW9kZWxCYWNrZW5kIiwiX2F1dGhfdXNlcl9oYXNoIjoiM2ZlZTBhNzAwMDVhM2NmNTdmOWFkZGE4NzRhYWZiNGRmODY5NjFlMSJ9", "expire_date": "2018-08-03T11:56:50.194Z"}}, {"model": "sessions.session", "pk": "7pngvoctxudydp6j9errtfhoj9832k3k", "fields": {"session_data": "NjYyM2E1MWZlZjVhY2M5MzY3YmNiYTg0MjZhOTYwNmQwYmQxNzAwNjp7Il9hdXRoX3VzZXJfaWQiOiIxNiIsIl9hdXRoX3VzZXJfYmFja2VuZCI6ImRqYW5nby5jb250cmliLmF1dGguYmFja2VuZHMuTW9kZWxCYWNrZW5kIiwiX2F1dGhfdXNlcl9oYXNoIjoiNmQxOGE3Mzg3ZTVjZmViNTRhMjNmNDA4YmJlYzlkMTU0YWY5ZmI2NiJ9", "expire_date": "2018-08-02T12:33:20.982Z"}}, {"model": "sessions.session", "pk": "84jwahtmesfq3j9cwkmnri3kmmyxj6t3", "fields": {"session_data": "NzI5ODc3YWY4NzY0NjFkNWE3NTRmN2IyZDU2ZTM3NTlmYzJmNzJlOTp7Il9hdXRoX3VzZXJfaWQiOiI1IiwiX2F1dGhfdXNlcl9iYWNrZW5kIjoiZGphbmdvLmNvbnRyaWIuYXV0aC5iYWNrZW5kcy5Nb2RlbEJhY2tlbmQiLCJfYXV0aF91c2VyX2hhc2giOiI3NTUyZDNlZjcwM2U0NmZhOGQzOWNiYTIxMzYxMTY3ZjhiZGMwN2E5In0=", "expire_date": "2018-07-17T12:34:49.302Z"}}, {"model": "sessions.session", "pk": "b6srt9a1ufe7yvk5sbtyxbxt1xjqn2zz", "fields": {"session_data": "NWQzNmZlNDkzZWZkYjExZDQ1Yjk4MTlkNDVmMGM1ZGE4ZGViZTI1Yjp7fQ==", "expire_date": "2018-08-05T13:49:02.616Z"}}, {"model": "sessions.session", "pk": "fqcb7os36hjt9sr8fb9bvlxosdw53lez", "fields": {"session_data": "YWEyMTY3NGMzMjJlYTRlYjk3MTQ5NmQ1ZjM3ZTJjNzM0ZjNiZTlhMzp7Il9hdXRoX3VzZXJfaWQiOiIxMCIsIl9hdXRoX3VzZXJfYmFja2VuZCI6ImRqYW5nby5jb250cmliLmF1dGguYmFja2VuZHMuTW9kZWxCYWNrZW5kIiwiX2F1dGhfdXNlcl9oYXNoIjoiM2ZlZTBhNzAwMDVhM2NmNTdmOWFkZGE4NzRhYWZiNGRmODY5NjFlMSJ9", "expire_date": "2018-08-02T12:29:22.454Z"}}, {"model": "sessions.session", "pk": "jnxgbj77ggeqtq4njpcouz9ibnrw0o4y", "fields": {"session_data": "OWYwNGM2OTY5OTdmNzMwMmMxYmQ4Y2VjMjAxMGFkMGEyMjMzZmJmNjp7Il9hdXRoX3VzZXJfaWQiOiIxIiwiX2F1dGhfdXNlcl9iYWNrZW5kIjoiZGphbmdvLmNvbnRyaWIuYXV0aC5iYWNrZW5kcy5Nb2RlbEJhY2tlbmQiLCJfYXV0aF91c2VyX2hhc2giOiI3NTViNzY2ZWE3OGQ4YjgzZDQyYTQwOTEzODZiZGNhZTY1ODgxM2RlIn0=", "expire_date": "2018-07-11T07:40:48.872Z"}}, {"model": "sessions.session", "pk": "mc8ovisj9vhfrjed12xbhdhnlk4h8keg", "fields": {"session_data": "NzI5ODc3YWY4NzY0NjFkNWE3NTRmN2IyZDU2ZTM3NTlmYzJmNzJlOTp7Il9hdXRoX3VzZXJfaWQiOiI1IiwiX2F1dGhfdXNlcl9iYWNrZW5kIjoiZGphbmdvLmNvbnRyaWIuYXV0aC5iYWNrZW5kcy5Nb2RlbEJhY2tlbmQiLCJfYXV0aF91c2VyX2hhc2giOiI3NTUyZDNlZjcwM2U0NmZhOGQzOWNiYTIxMzYxMTY3ZjhiZGMwN2E5In0=", "expire_date": "2018-07-12T11:23:17.974Z"}}, {"model": "sessions.session", "pk": "pvogmxj4mixjm29su1cn20e34mepihza", "fields": {"session_data": "YWEyMTY3NGMzMjJlYTRlYjk3MTQ5NmQ1ZjM3ZTJjNzM0ZjNiZTlhMzp7Il9hdXRoX3VzZXJfaWQiOiIxMCIsIl9hdXRoX3VzZXJfYmFja2VuZCI6ImRqYW5nby5jb250cmliLmF1dGguYmFja2VuZHMuTW9kZWxCYWNrZW5kIiwiX2F1dGhfdXNlcl9oYXNoIjoiM2ZlZTBhNzAwMDVhM2NmNTdmOWFkZGE4NzRhYWZiNGRmODY5NjFlMSJ9", "expire_date": "2018-08-03T11:43:02.141Z"}}, {"model": "sessions.session", "pk": "s32ahou1kg69ag21zlrf99qlf4i1ozfj", "fields": {"session_data": "NjYyM2E1MWZlZjVhY2M5MzY3YmNiYTg0MjZhOTYwNmQwYmQxNzAwNjp7Il9hdXRoX3VzZXJfaWQiOiIxNiIsIl9hdXRoX3VzZXJfYmFja2VuZCI6ImRqYW5nby5jb250cmliLmF1dGguYmFja2VuZHMuTW9kZWxCYWNrZW5kIiwiX2F1dGhfdXNlcl9oYXNoIjoiNmQxOGE3Mzg3ZTVjZmViNTRhMjNmNDA4YmJlYzlkMTU0YWY5ZmI2NiJ9", "expire_date": "2018-08-06T08:42:43.754Z"}}, {"model": "sessions.session", "pk": "v95lgbexnxssubtluklfms9s4sac0y5k", "fields": {"session_data": "NjYyM2E1MWZlZjVhY2M5MzY3YmNiYTg0MjZhOTYwNmQwYmQxNzAwNjp7Il9hdXRoX3VzZXJfaWQiOiIxNiIsIl9hdXRoX3VzZXJfYmFja2VuZCI6ImRqYW5nby5jb250cmliLmF1dGguYmFja2VuZHMuTW9kZWxCYWNrZW5kIiwiX2F1dGhfdXNlcl9oYXNoIjoiNmQxOGE3Mzg3ZTVjZmViNTRhMjNmNDA4YmJlYzlkMTU0YWY5ZmI2NiJ9", "expire_date": "2018-08-07T14:40:28.208Z"}}, {"model": "sessions.session", "pk": "xc2c9saotoiv915xcqk2lxkijfqs2ule", "fields": {"session_data": "NTFmZTNkNDQyMWE4YTdhMThhMTIzZTVhNzNjMjc1OGZhMzFjZWMwMDp7Il9hdXRoX3VzZXJfaWQiOiIxIiwiX2F1dGhfdXNlcl9iYWNrZW5kIjoiZGphbmdvLmNvbnRyaWIuYXV0aC5iYWNrZW5kcy5Nb2RlbEJhY2tlbmQiLCJfYXV0aF91c2VyX2hhc2giOiI0MTMzNDg5YjliNmI4YWQ0OWEzOTY4OTk2NzE2ZmU0ZDIyZjM4NzI5In0=", "expire_date": "2018-07-10T12:16:48.861Z"}}, {"model": "sessions.session", "pk": "y0b8igw03bq38iduppv6gznzx1ubqfy0", "fields": {"session_data": "YWEyMTY3NGMzMjJlYTRlYjk3MTQ5NmQ1ZjM3ZTJjNzM0ZjNiZTlhMzp7Il9hdXRoX3VzZXJfaWQiOiIxMCIsIl9hdXRoX3VzZXJfYmFja2VuZCI6ImRqYW5nby5jb250cmliLmF1dGguYmFja2VuZHMuTW9kZWxCYWNrZW5kIiwiX2F1dGhfdXNlcl9oYXNoIjoiM2ZlZTBhNzAwMDVhM2NmNTdmOWFkZGE4NzRhYWZiNGRmODY5NjFlMSJ9", "expire_date": "2018-08-03T11:25:14.290Z"}}, {"model": "sessions.session", "pk": "y88oauu1e4kfh1xd5tjft1cfer5j8cc5", "fields": {"session_data": "NGU5MDI1NzFkNDlhOWVhMmQzNzA5YTJkNDUwYWM5MTQwMTA4OGFmZDp7Il9hdXRoX3VzZXJfaWQiOiIxMCIsIl9hdXRoX3VzZXJfYmFja2VuZCI6ImRqYW5nby5jb250cmliLmF1dGguYmFja2VuZHMuTW9kZWxCYWNrZW5kIiwiX2F1dGhfdXNlcl9oYXNoIjoiODg5OTJhNTk2NGZiYzIxODUxZmI5ZjI2MDUyM2NjNTFjMTllYjNjNSJ9", "expire_date": "2018-08-09T19:17:38.657Z"}}, {"model": "sessions.session", "pk": "zgl1adv39oybixqywaa7pcph3l9yy4oa", "fields": {"session_data": "YWEyMTY3NGMzMjJlYTRlYjk3MTQ5NmQ1ZjM3ZTJjNzM0ZjNiZTlhMzp7Il9hdXRoX3VzZXJfaWQiOiIxMCIsIl9hdXRoX3VzZXJfYmFja2VuZCI6ImRqYW5nby5jb250cmliLmF1dGguYmFja2VuZHMuTW9kZWxCYWNrZW5kIiwiX2F1dGhfdXNlcl9oYXNoIjoiM2ZlZTBhNzAwMDVhM2NmNTdmOWFkZGE4NzRhYWZiNGRmODY5NjFlMSJ9", "expire_date": "2018-08-05T13:49:51.101Z"}}, {"model": "accounts.ville_residence", "pk": 3, "fields": {"nom": "Ngaoundere"}}, {"model": "accounts.ville_residence", "pk": 4, "fields": {"nom": "Sarh"}}, {"model": "accounts.ville_residence", "pk": 5, "fields": {"nom": "Yaounde"}}, {"model": "accounts.ville_residence", "pk": 6, "fields": {"nom": "Yaounde"}}, {"model": "accounts.ville_residence", "pk": 7, "fields": {"nom": "Maroua"}}, {"model": "accounts.ville_residence", "pk": 8, "fields": {"nom": "Ngaoundere"}}, {"model": "accounts.ville_residence", "pk": 9, "fields": {"nom": "hsn"}}, {"model": "accounts.ville_residence", "pk": 10, "fields": {"nom": "Maroua"}}, {"model": "accounts.ville_residence", "pk": 11, "fields": {"nom": "PAla"}}, {"model": "accounts.faculte", "pk": 4, "fields": {"nom": "IUT"}}, {"model": "accounts.faculte", "pk": 5, "fields": {"nom": "FSEG"}}, {"model": "accounts.faculte", "pk": 6, "fields": {"nom": "IUT"}}, {"model": "accounts.faculte", "pk": 7, "fields": {"nom": "IUT"}}, {"model": "accounts.faculte", "pk": 8, "fields": {"nom": "FS"}}, {"model": "accounts.faculte", "pk": 9, "fields": {"nom": "Falsh"}}, {"model": "accounts.faculte", "pk": 10, "fields": {"nom": "IUT"}}, {"model": "accounts.faculte", "pk": 11, "fields": {"nom": "Faculte des lettres"}}, {"model": "accounts.faculte", "pk": 12, "fields": {"nom": "FSEG"}}, {"model": "accounts.faculte", "pk": 13, "fields": {"nom": "IUT"}}, {"model": "accounts.entreprise", "pk": 1, "fields": {"nom": "De Fara"}}, {"model": "accounts.entreprise", "pk": 2, "fields": {"nom": "SONASUT"}}, {"model": "accounts.entreprise", "pk": 3, "fields": {"nom": "De Fara"}}, {"model": "accounts.entreprise", "pk": 4, "fields": {"nom": "SONASUT"}}, {"model": "accounts.entreprise", "pk": 5, "fields": {"nom": "CAMTEL"}}, {"model": "accounts.entreprise", "pk": 6, "fields": {"nom": "CAMTEL"}}, {"model": "accounts.entreprise", "pk": 7, "fields": {"nom": "Camrail"}}, {"model": "accounts.entreprise", "pk": 8, "fields": {"nom": "Canal +"}}, {"model": "accounts.entreprise", "pk": 9, "fields": {"nom": "SONARA"}}, {"model": "accounts.entreprise", "pk": 10, "fields": {"nom": "Rien"}}, {"model": "accounts.entreprise", "pk": 11, "fields": {"nom": "LAGRACE"}}, {"model": "accounts.etudiant", "pk": 4, "fields": {"nom": "Amono", "prenom": "Aymar", "email": "aymaro@gmail.com", "mot_de_passe": "Inabafils571", "residence": "Cameroun", "matricule": "16I231IU", "annee_entree": "2018-07-17", "faculte": "IUT", "diplome": "", "entreprise": "", "fonction": ""}}, {"model": "main.actualite", "pk": 6, "fields": {"title": "Le PBhev fait parler", "author": "Amono Aymar", "text_description": "<p>Roy Fielding pr&eacute;cise dans sa th&egrave;se les avantages de ce style d&#39;architecture. Citons par exemple :</p>\r\n\r\n<ul>\r\n\t<li>L&rsquo;application est plus simple &agrave; maintenir, car les liens sont mieux structur&eacute;s, et de fa&ccedil;on universelle ; les liens sont le moteur de l&rsquo;&eacute;tat de l&rsquo;application.</li>\r\n</ul>\r\n\r\n<ul>\r\n\t<li>L&rsquo;absence de gestion d&rsquo;&eacute;tat du client sur le serveur conduit &agrave; une consommation de m&eacute;moire inf&eacute;rieure, une plus grande simplicit&eacute; et donc &agrave; une capacit&eacute; plus grande de r&eacute;pondre &agrave; un grand nombre de requ&ecirc;tes simultan&eacute;es.</li>\r\n</ul>\r\n\r\n<ul>\r\n\t<li>L&rsquo;absence de gestion d&rsquo;&eacute;tat du client sur le serveur permet une r&eacute;partition des requ&ecirc;tes sur plusieurs serveurs : une session client n&rsquo;est pas &agrave; maintenir sur un serveur en particulier (via une sticky session d&rsquo;un loadbalancer), ou &agrave; propager sur tous les serveurs (avec des probl&eacute;matiques de rafra&icirc;chissement de session). Cela permet aussi une meilleure &eacute;volutivit&eacute; et tol&eacute;rance aux pannes (un serveur peut &ecirc;tre ajout&eacute; facilement pour augmenter la capacit&eacute; de traitement, ou pour en remplacer un autre).</li>\r\n</ul>\r\n\r\n<ul>\r\n\t<li>L&rsquo;utilisation du protocole HTTP qui permet de tirer partie de son enveloppe et ses ent&ecirc;tes. C&#39;est &agrave; l&rsquo;oppos&eacute; de SOAP qui ne pr&eacute;suppose pas un protocole : SOAP r&eacute;invente un protocole via une enveloppe, des ent&ecirc;tes et un document, &agrave; l&rsquo;int&eacute;rieur du protocole r&eacute;seau l&rsquo;h&eacute;bergeant (la plupart du temps HTTP). Il ne b&eacute;n&eacute;ficie donc pas des caract&eacute;ristiques HTTP, g&eacute;r&eacute;es par l&rsquo;infrastructure r&eacute;seau (notamment les proxy supportant le cache c&ocirc;t&eacute; serveur pour des performances plus importantes).</li>\r\n</ul>\r\n\r\n<ul>\r\n\t<li>L&rsquo;utilisation d&rsquo;URI comme repr&eacute;sentant d&rsquo;une ressource, permet la mise en place de serveurs de cache.</li>\r\n</ul>", "image_description": "actuality_images/1.png", "date_add": "2018-07-27T07:41:01.807Z"}}, {"model": "main.actualite", "pk": 7, "fields": {"title": "Pracasso fait le cheau", "author": "housseini", "text_description": "<p><strong>La cr&eacute;ation d&#39;&eacute;l&eacute;ments, la manipulation de leurs attributs, les formulaires ainsi que quelques m&eacute;thodes bien utiles qui permettent de boucler sur des &eacute;l&eacute;ments</strong>&nbsp;seront expliqu&eacute;s ici. Vous comprendrez ainsi en quoi la&nbsp;<strong>manipulation du&nbsp;</strong>DOM est d&#39;une simplicit&eacute; remarquable avec jQuery.</p>\r\n\r\n<p>La lecture de la premi&egrave;re sous-partie est fortement recommand&eacute;e : elle introduit quelques notions afin de comprendre&nbsp;<strong>ce qui se passe dans jQuery</strong>&nbsp;ainsi que la structure du document. La seconde sous-partie expliquera comment&nbsp;<strong>passer une fonction en argument</strong>&nbsp;d&#39;une m&eacute;thode.</p>\r\n\r\n<p>C&#39;est dans les sous-chapitres suivants que nous rentrerons au c&oelig;ur du sujet.</p>\r\n\r\n<h3>jQuery et le document</h3>\r\n\r\n<p>DOM</p>\r\n\r\n<p>La page web&nbsp;<strong>contient des &eacute;l&eacute;ments</strong>&nbsp;(des balises), qui elles-m&ecirc;mes sont susceptibles de contenir d&#39;autres &eacute;l&eacute;ments.<br />\r\nCette&nbsp;<strong>organisation</strong>&nbsp;de la page web forme un &laquo; arbre &raquo; o&ugrave; un &eacute;l&eacute;ment parent&nbsp;<strong>contient des fils</strong>, qui eux-m&ecirc;mes sont susceptibles d&#39;&ecirc;tre parents.</p>", "image_description": "actuality_images/Capture_d\u00e9cran_de_2018-06-09_21-10-13.png", "date_add": "2018-07-27T11:20:47.378Z"}}, {"model": "main.comment", "pk": 1, "fields": {"author": "Amono Aymar", "email": "amonoaymar@yahoo.fr", "website": "", "text": "je suis un commentaire", "add_at": "2018-07-27T11:08:38.188Z", "new": 6}}, {"model": "main.comment", "pk": 2, "fields": {"author": "Amono Aymar", "email": "amonoaymar@yahoo.fr", "website": "", "text": "je vidfnvofnanvbfinfrgr", "add_at": "2018-07-27T11:25:53.779Z", "new": 7}}, {"model": "main.comment", "pk": 3, "fields": {"author": "Amono Aymar", "email": "amonoaymar@yahoo.fr", "website": "", "text": "defrvzd eifuneufn\u00e9\u00e7eddv ednir,vef", "add_at": "2018-07-27T11:33:35.498Z", "new": 7}}, {"model": "main.comment", "pk": 4, "fields": {"author": "housseini", "email": "aymaramo@gmail.com", "website": "", "text": "je sudifbnaidc", "add_at": "2018-07-27T11:35:37.325Z", "new": 7}}, {"model": "main.comment", "pk": 5, "fields": {"author": "Amono Aymar", "email": "aymaramono@gmail.com", "website": "", "text": "dczedccq", "add_at": "2018-07-27T11:42:11.809Z", "new": 7}}, {"model": "main.comment", "pk": 6, "fields": {"author": "housseini", "email": "sds@gmgm.vom", "website": "", "text": "je suib vzifvirvvknfknkzdf,vk,dkc,kfv,f,ks,ckf,vk,kv,kfv", "add_at": "2018-07-27T12:23:10.781Z", "new": 6}}, {"model": "main.comment", "pk": 7, "fields": {"author": "Amono Aymar", "email": "amonoaymar@yahoo.fr", "website": "", "text": "xsdcdcdccdcczd", "add_at": "2018-07-27T12:26:06.577Z", "new": 6}}, {"model": "main.comment", "pk": 8, "fields": {"author": "Amono Aymar", "email": "aymaramono@gmail.com", "website": "", "text": "dfefd", "add_at": "2018-07-27T12:32:09.002Z", "new": 6}}, {"model": "auth.permission", "pk": 1, "fields": {"name": "Can add log entry", "content_type": 1, "codename": "add_logentry"}}, {"model": "auth.permission", "pk": 2, "fields": {"name": "Can change log entry", "content_type": 1, "codename": "change_logentry"}}, {"model": "auth.permission", "pk": 3, "fields": {"name": "Can delete log entry", "content_type": 1, "codename": "delete_logentry"}}, {"model": "auth.permission", "pk": 4, "fields": {"name": "Can add permission", "content_type": 2, "codename": "add_permission"}}, {"model": "auth.permission", "pk": 5, "fields": {"name": "Can change permission", "content_type": 2, "codename": "change_permission"}}, {"model": "auth.permission", "pk": 6, "fields": {"name": "Can delete permission", "content_type": 2, "codename": "delete_permission"}}, {"model": "auth.permission", "pk": 7, "fields": {"name": "Can add group", "content_type": 3, "codename": "add_group"}}, {"model": "auth.permission", "pk": 8, "fields": {"name": "Can change group", "content_type": 3, "codename": "change_group"}}, {"model": "auth.permission", "pk": 9, "fields": {"name": "Can delete group", "content_type": 3, "codename": "delete_group"}}, {"model": "auth.permission", "pk": 10, "fields": {"name": "Can add content type", "content_type": 4, "codename": "add_contenttype"}}, {"model": "auth.permission", "pk": 11, "fields": {"name": "Can change content type", "content_type": 4, "codename": "change_contenttype"}}, {"model": "auth.permission", "pk": 12, "fields": {"name": "Can delete content type", "content_type": 4, "codename": "delete_contenttype"}}, {"model": "auth.permission", "pk": 13, "fields": {"name": "Can add session", "content_type": 5, "codename": "add_session"}}, {"model": "auth.permission", "pk": 14, "fields": {"name": "Can change session", "content_type": 5, "codename": "change_session"}}, {"model": "auth.permission", "pk": 15, "fields": {"name": "Can delete session", "content_type": 5, "codename": "delete_session"}}, {"model": "auth.permission", "pk": 16, "fields": {"name": "Can add user", "content_type": 6, "codename": "add_user"}}, {"model": "auth.permission", "pk": 17, "fields": {"name": "Can change user", "content_type": 6, "codename": "change_user"}}, {"model": "auth.permission", "pk": 18, "fields": {"name": "Can delete user", "content_type": 6, "codename": "delete_user"}}, {"model": "auth.permission", "pk": 19, "fields": {"name": "Can add entreprise", "content_type": 7, "codename": "add_entreprise"}}, {"model": "auth.permission", "pk": 20, "fields": {"name": "Can change entreprise", "content_type": 7, "codename": "change_entreprise"}}, {"model": "auth.permission", "pk": 21, "fields": {"name": "Can delete entreprise", "content_type": 7, "codename": "delete_entreprise"}}, {"model": "auth.permission", "pk": 22, "fields": {"name": "Can add faculte", "content_type": 8, "codename": "add_faculte"}}, {"model": "auth.permission", "pk": 23, "fields": {"name": "Can change faculte", "content_type": 8, "codename": "change_faculte"}}, {"model": "auth.permission", "pk": 24, "fields": {"name": "Can delete faculte", "content_type": 8, "codename": "delete_faculte"}}, {"model": "auth.permission", "pk": 25, "fields": {"name": "Can add frequenter", "content_type": 9, "codename": "add_frequenter"}}, {"model": "auth.permission", "pk": 26, "fields": {"name": "Can change frequenter", "content_type": 9, "codename": "change_frequenter"}}, {"model": "auth.permission", "pk": 27, "fields": {"name": "Can delete frequenter", "content_type": 9, "codename": "delete_frequenter"}}, {"model": "auth.permission", "pk": 28, "fields": {"name": "Can add habiter", "content_type": 10, "codename": "add_habiter"}}, {"model": "auth.permission", "pk": 29, "fields": {"name": "Can change habiter", "content_type": 10, "codename": "change_habiter"}}, {"model": "auth.permission", "pk": 30, "fields": {"name": "Can delete habiter", "content_type": 10, "codename": "delete_habiter"}}, {"model": "auth.permission", "pk": 31, "fields": {"name": "Can add travailler", "content_type": 11, "codename": "add_travailler"}}, {"model": "auth.permission", "pk": 32, "fields": {"name": "Can change travailler", "content_type": 11, "codename": "change_travailler"}}, {"model": "auth.permission", "pk": 33, "fields": {"name": "Can delete travailler", "content_type": 11, "codename": "delete_travailler"}}, {"model": "auth.permission", "pk": 34, "fields": {"name": "Can add ville_residence", "content_type": 12, "codename": "add_ville_residence"}}, {"model": "auth.permission", "pk": 35, "fields": {"name": "Can change ville_residence", "content_type": 12, "codename": "change_ville_residence"}}, {"model": "auth.permission", "pk": 36, "fields": {"name": "Can delete ville_residence", "content_type": 12, "codename": "delete_ville_residence"}}, {"model": "auth.permission", "pk": 37, "fields": {"name": "Can add actualite", "content_type": 13, "codename": "add_actualite"}}, {"model": "auth.permission", "pk": 38, "fields": {"name": "Can change actualite", "content_type": 13, "codename": "change_actualite"}}, {"model": "auth.permission", "pk": 39, "fields": {"name": "Can delete actualite", "content_type": 13, "codename": "delete_actualite"}}, {"model": "auth.permission", "pk": 40, "fields": {"name": "Can add evenement", "content_type": 14, "codename": "add_evenement"}}, {"model": "auth.permission", "pk": 41, "fields": {"name": "Can change evenement", "content_type": 14, "codename": "change_evenement"}}, {"model": "auth.permission", "pk": 42, "fields": {"name": "Can delete evenement", "content_type": 14, "codename": "delete_evenement"}}, {"model": "auth.permission", "pk": 43, "fields": {"name": "Can add etudiant", "content_type": 15, "codename": "add_etudiant"}}, {"model": "auth.permission", "pk": 44, "fields": {"name": "Can change etudiant", "content_type": 15, "codename": "change_etudiant"}}, {"model": "auth.permission", "pk": 45, "fields": {"name": "Can delete etudiant", "content_type": 15, "codename": "delete_etudiant"}}, {"model": "auth.permission", "pk": 46, "fields": {"name": "Can add groupe", "content_type": 16, "codename": "add_groupe"}}, {"model": "auth.permission", "pk": 47, "fields": {"name": "Can change groupe", "content_type": 16, "codename": "change_groupe"}}, {"model": "auth.permission", "pk": 48, "fields": {"name": "Can delete groupe", "content_type": 16, "codename": "delete_groupe"}}, {"model": "auth.permission", "pk": 49, "fields": {"name": "Can add comment", "content_type": 17, "codename": "add_comment"}}, {"model": "auth.permission", "pk": 50, "fields": {"name": "Can change comment", "content_type": 17, "codename": "change_comment"}}, {"model": "auth.permission", "pk": 51, "fields": {"name": "Can delete comment", "content_type": 17, "codename": "delete_comment"}}, {"model": "accounts.user", "pk": 10, "fields": {"password": "pbkdf2_sha256$100000$xyLyVYmqVrHJ$aa3GhSglP25tjgvJ+EmQVIe8SlwgaD+RpdByymyyghc=", "username": null, "first_name": "Aymar", "last_name": "Amono", "email": "aymaramono@gmail.com", "is_active": true, "staff": true, "admin": true, "timestamp": "2018-07-11T12:02:22.829Z", "last_login": "2018-07-27T13:13:38.983Z", "date_joined": "2018-07-11T12:02:22.581Z", "groups": [], "user_permissions": []}}, {"model": "accounts.user", "pk": 11, "fields": {"password": "pbkdf2_sha256$100000$zir4UP1OYDtN$dQKTpvgUL7mXfUavdFf0wN8EYqFhKnZR0Kc0ZnUrsnk=", "username": null, "first_name": "Jean", "last_name": "Mark", "email": "aymaramo@yahoo.com", "is_active": true, "staff": false, "admin": false, "timestamp": "2018-07-11T13:17:29.919Z", "last_login": "2018-07-11T21:24:24.899Z", "date_joined": "2018-07-11T13:17:29.513Z", "groups": [], "user_permissions": []}}, {"model": "accounts.user", "pk": 12, "fields": {"password": "pbkdf2_sha256$100000$aus9SSpLJu5J$hPozbgOJiTfVBluXb/HVUMKcJeAZiJfVvFoCI/8j5E8=", "username": null, "first_name": "Jonathan", "last_name": "Nenba", "email": "nenba@protonmail.com", "is_active": true, "staff": false, "admin": false, "timestamp": "2018-07-14T11:37:14.553Z", "last_login": "2018-07-14T11:37:14.258Z", "date_joined": "2018-07-14T11:37:14.258Z", "groups": [], "user_permissions": []}}, {"model": "accounts.user", "pk": 13, "fields": {"password": "pbkdf2_sha256$100000$rg473GUOHUD6$PLC1qWb+ImHM9zFJcuJ8KdF+tr4HWUCJLYIP9aNz8uc=", "username": null, "first_name": "Hussen", "last_name": "Housseini", "email": "hussen@gmail.com", "is_active": true, "staff": false, "admin": false, "timestamp": "2018-07-14T14:45:15.229Z", "last_login": "2018-07-14T14:45:14.897Z", "date_joined": "2018-07-14T14:45:14.897Z", "groups": [], "user_permissions": []}}, {"model": "accounts.user", "pk": 14, "fields": {"password": "pbkdf2_sha256$100000$L4pRbn9TKU3W$dOmVMdtBFBj9csD0aogrKNtwkN/ciQgv68FhlH6yAxc=", "username": null, "first_name": "Dadier", "last_name": "Bernart", "email": "bernard@gmail.com", "is_active": true, "staff": false, "admin": false, "timestamp": "2018-07-16T08:32:45.421Z", "last_login": "2018-07-16T08:32:45.156Z", "date_joined": "2018-07-16T08:32:45.157Z", "groups": [], "user_permissions": []}}, {"model": "accounts.user", "pk": 15, "fields": {"password": "pbkdf2_sha256$100000$FVZDNGqN1V1c$hO8tmWSY0oSFQ+yZVNxXUGuxaIi5KJDUIiGFEf8Xa+k=", "username": null, "first_name": "Edwige", "last_name": "Tchassem", "email": "tchassem@gmail.com", "is_active": true, "staff": false, "admin": false, "timestamp": "2018-07-18T19:48:52.779Z", "last_login": "2018-07-18T19:48:52.532Z", "date_joined": "2018-07-18T19:48:52.532Z", "groups": [], "user_permissions": []}}, {"model": "accounts.user", "pk": 16, "fields": {"password": "pbkdf2_sha256$100000$OGMBscRwPfgn$jwx7Gw9u0vtE6u95q36iyut7RbZo0/Ftrmi7iZRpr1o=", "username": null, "first_name": "Hsn", "last_name": "Hussen", "email": "hsnhoussaini@gmail.com", "is_active": true, "staff": false, "admin": false, "timestamp": "2018-07-19T12:30:05.291Z", "last_login": "2018-07-24T14:42:48.039Z", "date_joined": "2018-07-19T12:30:05.042Z", "groups": [], "user_permissions": []}}, {"model": "accounts.user", "pk": 17, "fields": {"password": "pbkdf2_sha256$100000$tFxGCu2PqlkB$OkwKnq3C0I0fwKd6wKbuql2fV5wZbGADYgaIlADmtV4=", "username": null, "first_name": "Annie", "last_name": "Berzahka", "email": "berzaka@gmail.com", "is_active": true, "staff": false, "admin": false, "timestamp": "2018-07-19T22:08:47.406Z", "last_login": "2018-07-19T22:08:47.161Z", "date_joined": "2018-07-19T22:08:47.161Z", "groups": [], "user_permissions": []}}, {"model": "accounts.user", "pk": 18, "fields": {"password": "pbkdf2_sha256$100000$VsFpFyfqdQ1e$inl4em5LtXmqK9U2vfxYD0r05Y+WEUI1ldLP1476X/Y=", "username": null, "first_name": "Viviane", "last_name": "Higonbo", "email": "viviane@gmail.com", "is_active": true, "staff": false, "admin": false, "timestamp": "2018-07-19T22:15:51.955Z", "last_login": "2018-07-19T22:15:51.694Z", "date_joined": "2018-07-19T22:15:51.694Z", "groups": [], "user_permissions": []}}, {"model": "accounts.user", "pk": 19, "fields": {"password": "pbkdf2_sha256$100000$lCFhoTzeOSmw$Sf8FmLFZM+R+dgFvy2sjsvU+v8Vpy/5pdKVGC96++bQ=", "username": null, "first_name": "Aymar", "last_name": "Amono", "email": "aymaro@gmail.com", "is_active": true, "staff": false, "admin": false, "timestamp": "2018-07-25T19:36:33.535Z", "last_login": "2018-07-25T19:36:33.290Z", "date_joined": "2018-07-25T19:36:33.290Z", "groups": [], "user_permissions": []}}, {"model": "accounts.frequenter", "pk": 5, "fields": {"matricule": "14I057IU", "dernier_diplome": "DUT", "annee_entree": 3, "user": 11, "faculte": 5}}, {"model": "accounts.frequenter", "pk": 6, "fields": {"matricule": "16I024IU", "dernier_diplome": "DUT", "annee_entree": 2016, "user": 12, "faculte": 6}}, {"model": "accounts.frequenter", "pk": 7, "fields": {"matricule": "16I056IU", "dernier_diplome": "Licence technologique", "annee_entree": 2016, "user": 13, "faculte": 7}}, {"model": "accounts.frequenter", "pk": 8, "fields": {"matricule": "12FS005UN", "dernier_diplome": "Licence", "annee_entree": 2012, "user": 14, "faculte": 8}}, {"model": "accounts.frequenter", "pk": 9, "fields": {"matricule": "12B124UN", "dernier_diplome": "Master II", "annee_entree": 2012, "user": 15, "faculte": 9}}, {"model": "accounts.frequenter", "pk": 10, "fields": {"matricule": "16I056IU", "dernier_diplome": "DUT", "annee_entree": 2005, "user": 16, "faculte": 10}}, {"model": "accounts.frequenter", "pk": 11, "fields": {"matricule": "16LSH014UN", "dernier_diplome": "DEUG", "annee_entree": 2016, "user": 17, "faculte": 11}}, {"model": "accounts.frequenter", "pk": 12, "fields": {"matricule": "12B127UN", "dernier_diplome": "Licence", "annee_entree": 2012, "user": 18, "faculte": 12}}, {"model": "accounts.travailler", "pk": 4, "fields": {"user": 11, "fonction": "Chef de projet technique", "entreprise": 4}}, {"model": "accounts.travailler", "pk": 5, "fields": {"user": 12, "fonction": "Directeur", "entreprise": 5}}, {"model": "accounts.travailler", "pk": 6, "fields": {"user": 13, "fonction": "Developpeur", "entreprise": 6}}, {"model": "accounts.travailler", "pk": 7, "fields": {"user": 14, "fonction": "secretaire", "entreprise": 7}}, {"model": "accounts.travailler", "pk": 8, "fields": {"user": 15, "fonction": "Controleur", "entreprise": 8}}, {"model": "accounts.travailler", "pk": 9, "fields": {"user": 16, "fonction": "Analyste programmeur", "entreprise": 9}}, {"model": "accounts.travailler", "pk": 10, "fields": {"user": 17, "fonction": "Rien", "entreprise": 10}}, {"model": "accounts.travailler", "pk": 11, "fields": {"user": 18, "fonction": "Directrice", "entreprise": 11}}, {"model": "accounts.habiter", "pk": 3, "fields": {"ville": 4, "user": 11}}, {"model": "accounts.habiter", "pk": 4, "fields": {"ville": 5, "user": 12}}, {"model": "accounts.habiter", "pk": 5, "fields": {"ville": 6, "user": 13}}, {"model": "accounts.habiter", "pk": 6, "fields": {"ville": 7, "user": 14}}, {"model": "accounts.habiter", "pk": 7, "fields": {"ville": 8, "user": 15}}, {"model": "accounts.habiter", "pk": 8, "fields": {"ville": 9, "user": 16}}, {"model": "accounts.habiter", "pk": 9, "fields": {"ville": 10, "user": 17}}, {"model": "accounts.habiter", "pk": 10, "fields": {"ville": 11, "user": 18}}]